Player Name,Expected Goals,Difference Between Goals And Expected Goals,Expected Goals For Every 90 Minutes,Total Shots,Aerial Duels Won
Harry Kane,32.06,3.94,1.01,146,0.22
Jude Bellingham,11.7,7.3,0.45,63,0.19
Serhou Guirassy,22.14,5.86,0.9,92,0.24
Kylian Mbappé,19.93,7.07,0.83,120,0.17
Leroy Sané,10.25,-2.25,0.43,73,0.14
Bukayo Saka,16.23,-0.23,0.5,108,0.15
Jamal Musiala,8.91,1.09,0.45,58,0.15
Rodri,4.46,3.54,0.14,62,0.07
Michael Olise,6.22,3.78,0.44,57,0.11
Kevin De Bruyne,2.42,1.58,0.18,44,0.05
Álex Grimaldo,5.05,4.95,0.16,71,0.07
Xavi Simons,8.73,-0.73,0.29,81,0.11
Phil Foden,11.28,7.72,0.35,105,0.11
Lautaro Martínez,18.78,5.22,0.63,108,0.17
Khvicha Kvaratskhelia,13.02,-2.02,0.43,128,0.1
Florian Wirtz,9.78,1.22,0.37,71,0.14
Victor Boniface,17.35,-3.35,1,80,0.22
Cole Palmer,17.85,4.15,0.61,109,0.16
Eberechi Eze,9.5,1.5,0.41,83,0.11
Deniz Undav,15.89,2.11,0.68,107,0.15
Vinícius Júnior,15.64,-0.64,0.75,78,0.2
Hakan Çalhanoglu,10.1,2.9,0.35,62,0.16
Erling Haaland,30.94,-3.94,1.09,121,0.26
Isco,9.14,-1.14,0.35,64,0.14
Bruno Fernandes,10.69,-0.69,0.31,95,0.11
Declan Rice,3.79,3.21,0.11,58,0.07
Bruno Guimarães,4.6,2.4,0.13,48,0.1
Martin Ødegaard,8.68,-0.68,0.25,77,0.11
Romain Del Castillo,5.25,2.75,0.19,40,0.13
Exequiel Palacios,3.37,0.63,0.16,21,0.16
Jan-Niklas Beste,4.54,3.46,0.16,49,0.09
Loïs Openda,22.04,1.96,0.73,121,0.18
Rafael Leão,9.14,-0.14,0.33,70,0.13
Son Heung-Min,12.98,4.02,0.4,85,0.15
Aleksandr Golovin,3.96,2.04,0.17,44,0.09
Anthony Gordon,11.8,-0.8,0.37,81,0.15
Savinho,6.39,2.61,0.19,45,0.14
Marcus Thuram,14.82,-1.82,0.49,77,0.19
Téji Savanier,9.45,-0.45,0.31,82,0.12
Maximilian Mittelstädt,0.97,1.03,0.04,21,0.05
Ousmane Dembélé,4.82,-1.82,0.29,43,0.11
Ollie Watkins,20.06,-1.06,0.56,107,0.19
Jérémy Doku,3.69,-0.69,0.21,55,0.07
Mohamed Salah,22.17,-4.17,0.79,114,0.19
Vitinha,3.32,3.68,0.14,45,0.07
Mohammed Kudus,5.52,2.48,0.2,67,0.08
Alexander Sørloth,14.37,8.63,0.52,78,0.18
Antoine Griezmann,13.11,2.89,0.44,79,0.17
Pierre Lees-Melou,2.67,1.33,0.1,52,0.05
Robert Lewandowski,18.85,0.15,0.61,94,0.2
David Raum,0.86,1.14,0.03,14,0.06
Kevin Stöger,6.16,0.84,0.21,75,0.08
Mikel Merino,4.29,0.71,0.16,30,0.14
Dani Olmo,3.88,0.12,0.24,45,0.09
Georges Mikautadze,10,3,0.51,58,0.17
Andrej Kramaric,12.07,2.93,0.49,69,0.17
James Maddison,6.16,-2.16,0.26,58,0.11
Christian Pulisic,8.42,3.58,0.29,65,0.13
Kai Havertz,13.59,-0.59,0.46,69,0.2
Nico Williams,6.44,-1.44,0.25,56,0.11
Iñaki Williams,11.11,0.89,0.35,93,0.12
Edon Zhegrova,6.61,-0.61,0.26,82,0.08
Gorka Guruzeta,12.14,1.86,0.49,64,0.19
Ilkay Gündogan,6.77,-1.77,0.2,43,0.16
Chris Führich,6.92,1.08,0.24,54,0.13
Manuel Ugarte,0.49,-0.49,0.02,10,0.05
Wilfried Singo,0.75,0.25,0.03,19,0.04
Bernardo Silva,3.99,2.01,0.14,34,0.12
Virgil van Dijk,3.73,-1.73,0.11,45,0.08
Alessandro Buongiorno,1.84,1.16,0.07,13,0.14
Matías Soulé,11.16,-0.16,0.32,83,0.13
Rodrygo,12.28,-2.28,0.46,87,0.14
Alexander Isak,22.06,-1.06,0.88,78,0.28
Gerard Moreno,10.12,-0.12,0.41,63,0.16
Pascal Groß,6.41,-2.41,0.19,55,0.12
Alphonso Davies,0.81,1.19,0.04,13,0.06
Florian Sotoca,8.67,-1.67,0.3,69,0.13
Granit Xhaka,1.75,1.25,0.06,45,0.04
Joshua Kimmich,1.24,-0.24,0.05,25,0.05
Conor Gallagher,4.89,0.11,0.14,48,0.1
Matheus Cunha,10.52,1.48,0.39,73,0.14
Andy Robertson,1.96,1.04,0.1,12,0.16
Federico Dimarco,2.94,2.06,0.13,51,0.06
Paulo Dybala,11.58,1.42,0.53,59,0.2
Frenkie de Jong,1,1,0.05,7,0.14
Toni Kroos,1.73,-0.73,0.07,35,0.05
Trent Alexander-Arnold,2.64,0.36,0.11,47,0.06
Federico Valverde,3.8,-1.8,0.12,56,0.07
Omar Marmoush,12.12,-0.12,0.47,79,0.15
Yangel Herrera,5.18,-0.18,0.22,52,0.1
Jonas Hofmann,6.14,-1.14,0.25,60,0.1
Lamine Yamal,5.93,-0.93,0.24,58,0.1
Takefusa Kubo,4.97,2.03,0.21,46,0.11
Julián Álvarez,13.71,-2.71,0.46,98,0.14
Jarrod Bowen,13.04,2.96,0.39,84,0.16
Donyell Malen,10.49,2.51,0.53,72,0.15
Albert Gudmundsson,10.18,3.82,0.3,57,0.18
João Cancelo,2.06,-0.06,0.07,32,0.06
Pierre-Emerick Aubameyang,22.14,-5.14,0.76,116,0.19
Junya Ito,5.65,-2.65,0.19,46,0.12
Diogo Jota,6.54,3.46,0.51,41,0.16
Alexis Mac Allister,3.89,1.11,0.13,44,0.09
Luis Díaz,13.04,-5.04,0.44,94,0.14
Leon Goretzka,4.87,1.13,0.2,56,0.09
James Tarkowski,3.38,-2.38,0.09,25,0.14
Artem Dovbyk,23.94,0.06,0.83,85,0.28
Jeremie Frimpong,10.18,-1.18,0.4,55,0.19
Aleix García,1.68,1.32,0.05,39,0.04
Benjamin André,3.49,0.51,0.12,23,0.15
Adrien Rabiot,3.38,1.62,0.11,38,0.09
Nicolas Jackson,18.66,-4.66,0.6,80,0.23
Kieran Trippier,0.77,0.23,0.03,8,0.1
Bradley Locko,0.26,-0.26,0.01,12,0.02
Alexandre Lacazette,13.15,5.85,0.51,62,0.21
Sergio Ramos,2.3,0.7,0.08,28,0.08
Brahim Díaz,6.25,1.75,0.36,38,0.16
Jérémie Boga,4.63,1.37,0.21,39,0.12
Tim Kleindienst,16.01,-4.01,0.5,83,0.19
Nicolás González,11.25,0.75,0.53,87,0.13
Alessandro Bastoni,1.36,-0.36,0.05,15,0.09
Ante Budimir,15.48,1.52,0.57,76,0.2
Amadou Haidara,1.17,0.83,0.07,21,0.06
Jonathan David,18.76,0.24,0.64,79,0.24
Anton Stach,1.95,0.05,0.08,38,0.05
Christopher Opéri,1.3,1.7,0.05,22,0.06
Ross Barkley,4.74,0.26,0.16,66,0.07
Lucas Paquetá,4.96,-0.96,0.17,42,0.12
Pedro Porro,3.02,-0.02,0.09,53,0.06
Angelo Stiller,2.11,-1.11,0.07,16,0.13
Pepelu,7.22,-0.22,0.2,35,0.21
João Palhinha,3.34,0.66,0.11,45,0.07
Sepp van den Berg,3.97,-0.97,0.13,25,0.16
Dominic Solanke,20.47,-1.47,0.55,109,0.19
Julian Brandt,4.15,2.85,0.17,33,0.13
Antonio Raíllo,1.44,1.56,0.06,29,0.05
Josko Gvardiol,3.13,0.87,0.12,32,0.1
Joshua Zirkzee,8.93,2.07,0.29,86,0.1
Cristian Romero,4.5,0.5,0.15,24,0.19
Kim Min-Jae,0.84,0.16,0.04,10,0.08
Teun Koopmeiners,7.32,4.68,0.25,54,0.14
Youssouf Fofana,5.87,-1.87,0.2,52,0.11
Charles De Ketelaere,7.52,2.48,0.33,45,0.17
Bryan Mbeumo,10.48,-1.48,0.48,53,0.2
Maxence Caqueret,1.97,-0.97,0.06,24,0.08
Ademola Lookman,10.51,0.49,0.5,67,0.16
Teddy Teuma,3.27,2.73,0.14,44,0.07
Mitchell Weiser,3.94,-0.94,0.13,44,0.09
Vanderson,2.27,0.73,0.12,30,0.08
Iago Aspas,11.59,-2.59,0.38,79,0.15
Mattia Zaccagni,5.52,0.48,0.25,42,0.13
Ayoze Pérez,8.54,0.46,0.33,68,0.13
Aurélien Tchouaméni,1.37,1.63,0.06,27,0.05
Achraf Hakimi,3.79,0.21,0.18,42,0.09
Leonardo Balerdi,1.49,0.51,0.06,14,0.11
Morgan Gibbs-White,6.64,-1.64,0.19,71,0.09
Franck Honorat,1.8,1.2,0.07,28,0.06
Patrick Mainka,3.5,-1.5,0.1,29,0.12
James Ward-Prowse,5.7,1.3,0.17,44,0.13
Viktor Tsyhankov,6.42,1.58,0.28,44,0.15
Raphinha,7.92,-1.92,0.52,59,0.13
Danilo,1,-,0.04,17,0.06
Riccardo Calafiori,1.47,0.53,0.06,17,0.09
Nico Schlotterbeck,3.22,-1.22,0.1,27,0.12
Jacob Murphy,2.51,0.49,0.19,30,0.08
Bremer,2.23,0.77,0.06,18,0.12
Gabriel Magalhães,4.59,-0.59,0.14,31,0.15
Pedro Neto,3.32,-1.32,0.2,36,0.09
Eduardo Camavinga,0.86,-0.86,0.04,17,0.05
Jonas Wind,11.31,-0.31,0.38,73,0.15
Benjamin Henrichs,2.51,-1.51,0.09,35,0.07
John McGinn,4.33,1.67,0.13,40,0.11
Duván Zapata,13.02,-1.02,0.4,99,0.13
Ermedin Demirovic,15.02,-0.02,0.47,81,0.19
Maximilian Beier,12.52,3.48,0.46,82,0.15
Victor Osimhen,16.85,-1.85,0.76,90,0.19
Federico Chiesa,7.72,1.28,0.31,75,0.1
Kenny Lala,0.37,1.63,0.01,14,0.03
Álex Baena,7.25,-5.25,0.25,73,0.1
Dwight McNeil,4.06,-1.06,0.13,57,0.07
Casemiro,3.64,-2.64,0.16,39,0.09
Henrikh Mkhitaryan,4.1,-2.1,0.13,39,0.11
Tiago Santos,1.14,-0.14,0.04,33,0.03
Marvin Ducksch,13.03,-1.03,0.43,80,0.16
Leon Bailey,6.45,3.55,0.28,53,0.12
Jonathan Tah,2.34,1.66,0.08,26,0.09
Waldemar Anton,1.67,-1.67,0.05,28,0.06
Dejan Kulusevski,5.03,2.97,0.16,57,0.09
Diogo Dalot,1.53,0.47,0.04,30,0.05
Niclas Füllkrug,13.53,-1.53,0.55,53,0.26
Brendan Chardonnet,1.43,-0.43,0.04,18,0.08
Jonathan Clauss,1.38,1.62,0.06,28,0.05
Douglas Luiz,7.36,1.64,0.22,48,0.15
Ivan Rakitic,1.22,0.78,0.08,32,0.04
Joseph Okumu,1.05,-0.05,0.05,11,0.1
Francesco Acerbi,1.53,1.47,0.06,15,0.1
Borja Mayoral,11.76,3.24,0.49,47,0.25
Josip Stanisic,0.92,2.08,0.07,10,0.09
Willy-Arnaud Boly,1.79,0.21,0.11,14,0.13
Lewis Ferguson,6.44,-0.44,0.21,60,0.11
Gianluca Scamacca,7.92,4.08,0.49,60,0.13
Lee Kang-In,1.91,1.09,0.12,23,0.08
Dan Burn,3.85,-1.85,0.13,23,0.17
Enzo Millot,5.4,-0.4,0.22,39,0.14
Olivier Giroud,15.48,-0.48,0.59,77,0.2
Bradley Barcola,4.97,-0.97,0.32,31,0.16
Wissam Ben Yedder,14.18,1.82,0.55,64,0.22
Marco Asensio,3.59,0.41,0.29,27,0.13
João Pedro,12.32,-3.32,0.54,75,0.16
Ritsu Doan,5.41,1.59,0.22,37,0.15
Ben White,1.36,2.64,0.04,13,0.1
Lorenzo Pellegrini,5.26,2.74,0.25,47,0.11
Xaver Schlager,0.91,-0.91,0.03,21,0.04
Lucas Ocampos,7.63,-3.63,0.24,64,0.12
Dani Carvajal,2.01,1.99,0.08,18,0.11
Antonee Robinson,1.03,-1.03,0.03,16,0.06
Matthieu Udol,1.55,1.45,0.05,19,0.08
Vincenzo Grifo,7.82,0.18,0.3,48,0.16
Takumi Minamino,6.06,2.94,0.26,61,0.1
Éderson,4.44,1.56,0.14,38,0.12
Odilon Kossounou,0.58,0.42,0.03,5,0.12
Samuel Lino,5.89,-1.89,0.25,54,0.11
Giorgio Scalvini,1.41,-0.41,0.05,19,0.07
Loïc Badé,0.73,-0.73,0.03,14,0.05
Théo Hernández,5.48,-0.48,0.18,57,0.1
Gonçalo Ramos,9.43,1.57,0.6,55,0.17
Bryan Zaragoza,4.13,1.87,0.23,34,0.12
Brais Méndez,4.29,0.71,0.16,66,0.07
Laurent Abergel,1.29,0.71,0.04,26,0.05
Emmanuel Agbadou,2.3,-1.3,0.08,32,0.07
Thijs Dallinga,15.73,-1.73,0.56,84,0.19
Khéphren Thuram,4.1,-3.1,0.17,39,0.11
Noussair Mazraoui,0.81,-0.81,0.06,12,0.07
Bernardo,2.01,-1.01,0.06,29,0.07
Jarrad Branthwaite,2.19,0.81,0.06,14,0.16
Marco Friedl,0.24,0.76,0.01,7,0.03
Robin Gosens,2.54,3.46,0.1,32,0.08
Ruben Aguilar,1.71,-0.71,0.08,12,0.14
Dilane Bakwa,3.17,-0.17,0.13,44,0.07
Luka Modric,1.15,0.85,0.06,25,0.05
Marten de Roon,0.67,-0.67,0.02,16,0.04
Gabriel Jesus,7.22,-3.22,0.44,55,0.13
Gabriel Martinelli,7.01,-1.01,0.31,58,0.12
Ryan Christie,2.37,-2.37,0.07,43,0.06
Lucas Martínez Quarta,2.48,2.52,0.1,24,0.1
Benjamin Pavard,0.86,-0.86,0.05,15,0.06
Keven Schlotterbeck,2.88,2.12,0.12,27,0.11
Darwin Núñez,18,-7,0.79,108,0.17
Ismaily,0.6,0.4,0.02,7,0.09
Dan-Axel Zagadou,1.16,-0.16,0.07,11,0.11
Frédéric Guilbert,1.27,0.73,0.05,21,0.06
Ruben Loftus-Cheek,3.79,2.21,0.16,40,0.09
Melvin Bard,0.72,0.28,0.02,15,0.05
Eric García,3.14,1.86,0.11,16,0.2
Tomás Soucek,7.68,-0.68,0.24,43,0.18
Kaoru Mitoma,4.43,-1.43,0.27,34,0.13
Angel Gomes,1.9,-1.9,0.07,34,0.06
Martín Zubimendi,2.79,1.21,0.09,22,0.13
Emre Can,2.33,-0.33,0.11,17,0.14
Marco Reus,7.5,-1.5,0.42,42,0.18
Robert Andrich,2.39,1.61,0.13,23,0.1
Bafodé Diakité,2.48,2.52,0.13,16,0.15
Ethan Pinnock,2.93,-0.93,0.1,19,0.15
Timo Hübers,1.92,-1.92,0.06,22,0.09
Matteo Politano,7.53,0.47,0.28,75,0.1
Jean-Philippe Mateta,11.09,4.91,0.44,46,0.24
Jeff Chabot,1.49,-1.49,0.05,19,0.08
Bryan Cristante,4.05,-1.05,0.11,54,0.08
Antoine Semenyo,6.14,1.86,0.26,70,0.09
Lazar Samardzic,4,2,0.15,57,0.07
Joachim Andersen,2.08,-0.08,0.05,21,0.1
Milan Djuric,4.79,0.21,0.36,25,0.19
Jean-Clair Todibo,0.64,-0.64,0.02,9,0.07
Yoane Wissa,11.48,0.52,0.41,67,0.17
Benjamin Bourigeaud,9.58,-0.58,0.35,51,0.19
Ismail Jakobs,1.46,-0.46,0.09,21,0.07
Cody Gakpo,8.75,-0.75,0.48,66,0.13
Harry Maguire,2.25,-0.25,0.12,20,0.11
Denis Zakaria,1.99,2.01,0.08,26,0.08
Marcel Sabitzer,3.57,0.43,0.16,47,0.08
Pedri,3.04,0.96,0.19,15,0.2
Wout Weghorst,7.06,-0.06,0.32,39,0.18
Luis Alberto,5.52,-0.52,0.21,56,0.1
Mason Greenwood,9.76,-1.76,0.33,102,0.1
Alberto Dossena,2.68,-0.68,0.08,24,0.11
Maghnes Akliouche,5.35,1.65,0.3,36,0.15
Dante,1.35,-0.35,0.04,15,0.09
Cyril Ngonge,4.64,1.36,0.29,42,0.11
Lilian Brassier,1.16,1.84,0.04,12,0.1
Thomas Müller,6.42,-1.42,0.35,36,0.18
Jules Koundé,1.81,-0.81,0.06,24,0.08
Atakan Karazor,0.95,-0.95,0.03,19,0.05
Arnaud Nordin,2.97,2.03,0.21,29,0.1
Giacomo Bonaventura,5.71,2.29,0.22,52,0.11
Felipe Anderson,5.07,-0.07,0.16,43,0.12
Willi Orbán,0.6,-0.6,0.03,7,0.09
Marcus Tavernier,4.4,-1.4,0.19,53,0.08
Mahdi Camara,5.29,1.71,0.23,42,0.13
Sergi Cardona,2.48,-1.48,0.08,26,0.1
Simon Adingra,4.68,1.32,0.19,52,0.09
Mario Lemina,4.52,-0.52,0.14,48,0.09
Álvaro Morata,16.02,-1.02,0.75,67,0.24
Michael Zetterer,0.05,-0.05,-,1,0.05
Moisés Caicedo,0.39,0.61,0.01,13,0.03
João Félix,8.58,-1.58,0.5,61,0.14
Hiroki Ito,0.76,-0.76,0.03,18,0.04
Samuel Gigot,2.89,0.11,0.15,19,0.15
Tijjani Reijnders,3.9,-0.9,0.12,44,0.09
William Saliba,2.24,-0.24,0.06,10,0.22
Vitalii Mykolenko,1.7,0.3,0.06,26,0.07
Manuel Locatelli,1.34,-0.34,0.04,24,0.06
Jordan Ayew,4.03,-0.03,0.14,48,0.08
Marc Pubill,0.81,0.19,0.04,20,0.04
Kyle Walker,0.42,-0.42,0.01,16,0.03
Max Wöber,1.39,0.61,0.06,19,0.07
Joris Chotard,0.88,-0.88,0.03,21,0.04
Mats Hummels,3.91,-0.91,0.22,16,0.24
Vedat Muriqi,11.22,-4.22,0.43,65,0.17
Carlos Vicente,1.93,0.07,0.15,15,0.13
Noni Madueke,2.79,2.21,0.24,32,0.09
Lucas Vázquez,1.5,1.5,0.1,12,0.12
James Garner,2.42,-1.42,0.07,41,0.06
Youssef En-Nesyri,12.7,3.3,0.44,73,0.17
Marquinhos,0.34,-0.34,0.02,4,0.09
Ibrahima Konaté,0.57,-0.57,0.03,11,0.05
Romelu Lukaku,12.38,0.62,0.42,65,0.19
Richarlison,10.01,0.99,0.6,62,0.16
Rúben Dias,1.84,-1.84,0.06,20,0.09
Vincent Sierro,5.63,0.37,0.22,36,0.16
Idrissa Gueye,1.73,2.27,0.08,26,0.07
Benjamin Sesko,8.02,5.98,0.47,47,0.17
Rayan Cherki,5.25,-4.25,0.27,57,0.09
Lewis Cook,0.44,-0.44,0.01,12,0.04
Martin Terrier,4.54,2.46,0.27,38,0.12
Warren Zaïre-Emery,1.76,0.24,0.08,14,0.13
Michael Kayode,0.86,0.14,0.04,7,0.12
Alfie Doughty,1.8,0.2,0.06,26,0.07
Miguel Gutiérrez,2.89,-0.89,0.09,34,0.08
Leandro Barreiro,5.33,-1.33,0.18,38,0.14
Yuri Berchiche,1.3,1.7,0.06,18,0.07
Leandro Trossard,8.92,3.08,0.49,60,0.15
Alassane Pléa,6.9,0.1,0.32,58,0.12
Lucas Hernández,0.34,0.66,0.02,6,0.06
Désiré Doué,2.13,1.87,0.12,34,0.06
Oliver McBurnie,7.19,-1.18,0.5,33,0.22
Jefferson Lerma,2.43,-1.43,0.09,34,0.07
Mathías Olivera,0.5,0.5,0.03,12,0.04
Levi Colwill,1.15,-0.15,0.06,11,0.1
Jørgen Strand Larsen,16.47,-3.47,0.51,82,0.2
Danilo Pereira,1.91,-1.91,0.09,10,0.19
Brajan Gruda,4.53,-0.53,0.25,30,0.15
Stefan de Vrij,0.73,0.27,0.04,10,0.07
Jaka Bijol,1.54,-1.54,0.07,15,0.1
Morten Frendrup,2.06,-0.06,0.06,30,0.07
Diego Rico,0.33,-0.33,0.01,18,0.02
Marc Cucurella,1.15,-1.15,0.06,8,0.14
Dominik Szoboszlai,3.57,-0.57,0.15,60,0.06
Phillip Tietz,9.27,-1.27,0.35,52,0.18
Florian Grillitsch,1.03,-0.03,0.04,21,0.05
Craig Dawson,1.59,-0.59,0.06,16,0.1
Fabian Schär,3.33,0.67,0.1,35,0.1
Oleksandr Zinchenko,0.67,0.33,0.04,17,0.04
Rasmus Nicolaisen,1.41,0.59,0.04,19,0.07
Kevin Behrens,7.57,-3.57,0.54,41,0.18
Germán Pezzella,2.15,-1.15,0.07,23,0.09
Moses Simon,5.14,-2.14,0.26,34,0.15
Raheem Sterling,9.42,-1.42,0.43,51,0.18
Riccardo Orsolini,8.21,1.79,0.41,59,0.14
Tosin Adarabioyo,0.91,1.09,0.05,14,0.06
Óscar De Marcos,0.86,0.14,0.03,5,0.17
Kobbie Mainoo,0.92,2.08,0.04,11,0.08
Guido Rodríguez,0.8,1.2,0.04,18,0.04
Lucas Robertone,1.04,-1.04,0.04,37,0.03
Berat Djimsiti,1,-1,0.03,13,0.08
Renato Tapia,1.03,-1.03,0.07,19,0.05
Alexis Saelemaekers,2.52,1.48,0.12,29,0.09
Daley Blind,1.86,-0.86,0.06,17,0.11
Marcos Senesi,2.29,1.71,0.09,13,0.18
Gautier Lloris,2.1,-0.1,0.07,16,0.13
Christian Nørgaard,3.69,-1.69,0.13,35,0.11
Vítinha,4.04,-1.04,0.39,37,0.11
Nicolò Barella,5.61,-3.61,0.18,40,0.14
Pablo Barrios,1.25,-1.25,0.07,17,0.07
Boubacar Kamara,0.17,-0.17,0.01,5,0.03
Mohamed Simakan,3.43,-1.43,0.14,30,0.11
Micky van de Ven,0.8,2.2,0.03,8,0.1
Facundo Medina,1.29,-0.29,0.04,19,0.07
Hwang Hee-Chan,8.44,3.56,0.36,45,0.19
Rodrigo Muniz,9.46,-0.46,0.53,73,0.13
Amine Gouiri,8.4,-1.4,0.36,78,0.11
Callum Hudson-Odoi,3.22,4.78,0.16,38,0.08
Iván Martín,3.52,1.48,0.12,19,0.19
Dominic Calvert-Lewin,13.73,-6.73,0.56,73,0.19
Manuel Akanji,1.8,0.2,0.06,15,0.12
Raoul Bellanova,1.96,-0.96,0.06,32,0.06
Carlton Morris,12.06,-1.06,0.38,71,0.17
Neto Borges,0.55,-0.55,0.02,16,0.03
Dusan Vlahovic,18.01,-2.01,0.7,110,0.16
Robin Hack,4.59,5.41,0.31,43,0.11
Przemyslaw Frankowski,4.31,-1.31,0.18,31,0.14
Frederik Rønnow,0.08,-0.08,-,3,0.03
Pavel Kaderábek,2.26,0.74,0.08,19,0.12
Fabián Ruiz,2.03,-1.03,0.15,19,0.11
Íñigo Ruíz de Galarreta,0.38,0.62,0.02,11,0.03
Kevin Danso,2.39,-1.39,0.08,21,0.11
Weston McKennie,3.19,-3.19,0.11,23,0.14
Amine Adli,3.29,0.71,0.33,27,0.12
Emerson,1.55,-0.55,0.04,19,0.08
Tyrick Mitchell,1.96,0.04,0.05,12,0.16
Amir Rrahmani,3.27,-0.27,0.11,25,0.13
Carl Starfelt,2.05,-1.05,0.08,12,0.17
Julian Ryerson,2.19,1.81,0.11,18,0.12
Lucas Höler,7.54,-0.54,0.29,34,0.22
Edmond Tapsoba,0.94,-0.94,0.04,12,0.08
Junior Dina Ebimbe,5.94,-0.94,0.27,52,0.11
Aleksey Miranchuk,7.17,-4.17,0.55,37,0.19
Thiago Silva,0.94,2.06,0.03,14,0.07
Steve Mounié,10.56,-4.56,0.54,60,0.18
Max Finkgräfe,1.09,-0.09,0.06,12,0.09
Randal Kolo Muani,6.11,-0.11,0.43,22,0.28
Nabil Bentaleb,0.31,-0.31,0.01,10,0.03
Rodrigo De Paul,2.31,0.69,0.1,30,0.08
Julian Weigl,2.53,-0.53,0.08,19,0.13
Michael Gregoritsch,11.26,-4.26,0.6,74,0.15
Remo Freuler,1.47,-0.47,0.05,14,0.1
Robin Le Normand,1.06,0.94,0.04,8,0.13
Aitor Ruibal,1.1,0.9,0.1,13,0.08
Marvin Senaya,1.01,-0.01,0.04,17,0.06
Gabriel Suazo,0.89,-0.89,0.03,10,0.09
Pau Cubarsí,0.12,-0.12,0.01,3,0.04
Alex Iwobi,5.28,-0.28,0.22,51,0.1
Yunis Abdelhamid,3.27,0.73,0.11,22,0.15
Ivan Ilic,2.78,0.22,0.12,27,0.1
Lameck Banda,4.51,-2.51,0.3,50,0.09
Chiedozie Ogbene,4.62,-0.62,0.21,35,0.13
Brennan Johnson,11.41,-6.41,0.49,50,0.23
Jonathan Bamba,3.59,-0.59,0.16,41,0.09
Mostafa Mohamed,8.01,-0.01,0.36,65,0.12
Matteo Gabbia,1.58,0.42,0.11,11,0.14
Maximilian Arnold,0.92,1.08,0.03,32,0.03
Ellyes Skhiri,2.69,-0.69,0.11,18,0.15
Arthur Theate,1.94,0.06,0.08,22,0.09
David Pereira da Costa,3.15,0.85,0.19,30,0.1
Alejandro Garnacho,9.52,-2.52,0.33,100,0.1
Lucas Boyé,7.45,-1.45,0.26,56,0.13
Mathys Tel,4.82,2.18,0.42,43,0.11
Rayan Aït-Nouri,3.55,-1.55,0.14,24,0.15
Patrik Schick,6.16,0.84,0.52,40,0.15
Edson Álvarez,1.11,-0.11,0.04,17,0.07
Nico Elvedi,2.35,-0.35,0.09,18,0.13
Kiki Kouyaté,0.86,-0.86,0.04,14,0.06
Raphaël Guerreiro,2.07,0.93,0.16,18,0.12
Enzo Fernández,6.33,-3.33,0.26,47,0.13
Clinton Mata,0.6,-0.6,0.02,14,0.04
Aaron Wan-Bissaka,0.2,-0.2,0.01,3,0.07
Mario Pasalic,7.85,-1.85,0.34,40,0.2
Jens Stage,5.09,-2.09,0.2,40,0.13
Ronald Araujo,2.05,-1.05,0.09,23,0.09
Eren Dinkçi,4.16,5.84,0.14,49,0.08
Mario Gila,0.4,-0.4,0.02,8,0.05
Jonathan Burkardt,7.7,0.3,0.45,41,0.19
Chris Wood,12.06,1.94,0.6,48,0.25
Andreas Pereira,4.64,-1.64,0.16,52,0.09
Martín Satriano,6.46,-2.46,0.31,63,0.1
Stefan Posch,1.3,-0.3,0.05,18,0.07
Fikayo Tomori,3.46,0.54,0.15,17,0.2
Johan Vásquez,2.2,-1.2,0.07,34,0.06
Konrad Laimer,1.14,-1.14,0.06,17,0.07
Lee Jae-Sung,6.19,-0.19,0.26,38,0.16
Arouna Sangante,0.82,-0.82,0.03,16,0.05
Joelinton,3.16,-1.16,0.22,19,0.17
Muhammed Cham,10.26,-2.26,0.36,74,0.14
Jhon Lucumí,0.99,-0.99,0.04,11,0.09
Radu Dragusin,1.25,0.75,0.07,17,0.07
Armand Laurienté,6.41,-1.41,0.2,84,0.08
Chancel Mbemba,2.15,-0.15,0.09,19,0.11
Piero Hincapié,2.28,-1.28,0.14,18,0.13
Nemanja Maksimovic,5.98,-1.98,0.16,34,0.18
Leny Yoro,2.14,-0.14,0.07,14,0.15
Iago,1.59,-0.59,0.09,18,0.09
Willian Pacho,1.44,-1.44,0.04,10,0.14
Yacine Adli,0.22,0.78,0.01,4,0.05
Malo Gusto,1.44,-1.44,0.07,15,0.1
Luca Mazzitelli,2.27,2.73,0.09,49,0.05
Matteo Ruggeri,0.74,-0.74,0.03,12,0.06
Issiaga Sylla,1.55,-0.55,0.1,13,0.12
Neil El Aynaoui,3.1,-2.1,0.18,22,0.14
Callum Wilson,9.34,-0.34,0.85,35,0.27
Rocco Reitz,3.87,2.13,0.16,33,0.12
Mario Hermoso,1.46,-1.46,0.05,17,0.09
José Gayà,0.59,0.41,0.03,10,0.06
Amine Harit,3.05,-2.05,0.15,33,0.09
Ismaïla Sarr,3.47,-0.47,0.22,25,0.14
Sergi Darder,2.17,-0.17,0.09,32,0.07
Marcin Bulka,0.11,-0.11,-,1,0.11
Nathan Aké,2.57,-0.57,0.11,20,0.13
Giovanni Di Lorenzo,3.34,-2.34,0.09,37,0.09
Florian Lejeune,2.56,0.44,0.07,67,0.04
Unai Núñez,2.3,-1.3,0.07,22,0.1
Aleksandar Pavlovic,1.48,0.52,0.11,8,0.18
Mohamed Daramy,5.78,-1.78,0.31,31,0.19
Cristiano Biraghi,1.58,0.42,0.06,17,0.09
Lamine Camara,2.21,-1.21,0.09,30,0.07
Kike Salas,1.03,1.97,0.06,16,0.06
Tuta,1.46,-0.46,0.05,18,0.08
Yan Couto,1.49,-0.49,0.06,29,0.05
Lewis Dunk,3,-,0.09,33,0.09
Andrea Colpani,5.54,2.46,0.19,65,0.09
Nabil Fekir,2.25,-1.25,0.19,28,0.08
Mousa Al Ta'mari,4.83,0.17,0.22,46,0.11
Eric Martel,2.64,-1.64,0.1,27,0.1
Kirian Rodríguez,2.35,3.65,0.07,43,0.05
Pervis Estupiñán,1.07,0.93,0.08,11,0.1
Danilho Doekhi,1.56,0.44,0.07,16,0.1
Ismaël Bennacer,1.78,0.22,0.14,12,0.15
Jan Paul van Hecke,1.61,-1.61,0.06,15,0.11
Chris Richards,0.75,0.25,0.03,11,0.07
Pablo Sarabia,6.21,-2.21,0.32,46,0.13
Alessio Romagnoli,0.79,-0.79,0.03,11,0.07
Guillermo Maripán,0.54,0.46,0.03,11,0.05
Willian,5.03,-1.03,0.22,45,0.11
Dani Parejo,2.85,0.15,0.1,12,0.24
Jack Grealish,2.11,0.89,0.19,22,0.1
Frank Anguissa,3.64,-3.64,0.12,33,0.11
Enzo Le Fée,0.55,-0.55,0.03,12,0.05
Yves Bissouma,1.28,-1.28,0.06,24,0.05
Leandro Paredes,3.22,-0.22,0.11,32,0.1
Joselu,12.22,-2.22,0.66,63,0.19
Hugo Duro,10.97,2.03,0.33,66,0.17
Maximilian Kilman,2.46,-0.46,0.06,14,0.18
Ángel Correa,7.78,1.22,0.46,43,0.18
Mathias Jensen,0.61,2.39,0.02,14,0.04
Maxence Lacroix,1.06,2.94,0.04,12,0.09
Ernest Nuamah,4.39,-1.39,0.21,43,0.1
Scott McTominay,6.62,0.38,0.31,44,0.15
Axel Witsel,0.94,1.06,0.03,7,0.13
Morgan Sanson,3.17,-1.17,0.14,41,0.08
Romano Schmid,5.5,-1.5,0.19,38,0.14
Jonathan Gradit,0.27,0.73,0.01,5,0.05
Destiny Udogie,2.61,-0.61,0.1,9,0.29
Amadou Onana,2.44,-0.44,0.11,29,0.08
Piotr Zielinski,2.5,0.5,0.12,30,0.08
Filippo Terracciano,0.35,-0.35,0.02,8,0.04
Ozan Kabak,2.19,1.81,0.09,19,0.12
Juan Miranda,2.2,-1.2,0.11,16,0.14
Harvey Elliott,2.41,0.59,0.16,49,0.05
Nabil Alioui,2.37,1.63,0.21,28,0.08
Manu Koné,1.36,-0.36,0.08,24,0.06
Ivan Ordets,1.36,-0.36,0.07,16,0.09
Nehuén Pérez,1.51,-1.51,0.04,20,0.08
Jan Schöppner,0.95,1.05,0.04,17,0.06
Sergio Arribas,9.31,-0.31,0.41,60,0.16
Ko Itakura,1.58,1.42,0.09,21,0.08
Jamie Bynoe-Gittens,2.82,-1.82,0.24,43,0.07
Anthony Caci,1.77,0.23,0.06,31,0.06
Adri Embarba,4.34,-1.34,0.16,64,0.07
Rémy Cabella,5.01,-3.01,0.31,33,0.15
Rasmus Højlund,8.32,1.68,0.34,38,0.22
Nemanja Gudelj,0.73,0.27,0.04,19,0.04
David López,2.09,0.91,0.1,16,0.13
Matteo Darmian,1.43,0.57,0.05,10,0.14
Felix Uduokhai,1.68,0.32,0.05,13,0.13
Jorge Cuenca,1.7,1.3,0.08,20,0.09
Carlos Augusto,1.31,-1.31,0.07,22,0.06
Murillo,1.59,-1.59,0.05,17,0.09
Denzel Dumfries,3.67,0.33,0.2,24,0.15
Krépin Diatta,0.73,-0.73,0.05,9,0.08
Marshall Munetsi,7.12,-3.12,0.29,44,0.16
Alfred Duncan,1.7,0.3,0.08,23,0.07
Rubén Alcaraz,3.49,-0.49,0.1,48,0.07
David García,1.34,-1.34,0.05,15,0.09
Matija Nastasic,1.19,0.81,0.05,8,0.15
Arnaud Kalimuendo,9.1,0.9,0.38,61,0.15
Jordan Veretout,2.29,-1.29,0.09,36,0.06
Farès Chaïbi,3.61,-1.61,0.17,40,0.09
Niels Nkounkou,1.08,1.92,0.07,22,0.05
Koke,0.73,-0.73,0.03,10,0.07
Marcus Rashford,7.97,-0.97,0.31,62,0.13
Filip Kostic,0.89,-0.89,0.04,21,0.04
Logan Costa,1.73,-0.73,0.06,14,0.12
Étienne Youté,0.35,-0.35,0.02,6,0.06
Diego Coppola,1.77,0.23,0.1,13,0.14
Luis Milla,0.89,-0.89,0.04,16,0.06
Lucas Digne,1.25,-0.25,0.05,20,0.06
Nicolas Höfler,0.91,0.09,0.03,16,0.06
Andrea Carboni,1.88,-0.88,0.11,18,0.1
Simone Romagnoli,1.33,-0.33,0.04,12,0.11
Warmed Omari,0.59,0.41,0.03,4,0.15
Isi Palazón,6.38,-2.38,0.2,72,0.09
Matthijs de Ligt,1.92,0.08,0.12,14,0.14
Thierry Correia,0.52,-0.52,0.02,5,0.1
Vitaly Janelt,2.14,-1.14,0.06,21,0.1
Milan Badelj,1.53,-0.53,0.05,21,0.07
Alessandro Florenzi,1.68,-0.68,0.09,32,0.05
Phillipp Mwene,1.53,-0.53,0.07,24,0.06
Robert Navarro,2.91,-1.91,0.14,30,0.1
Nicolas Pallois,0.16,-0.16,0.01,4,0.04
Alexsandro Ribeiro,3.01,-3.01,0.12,17,0.18
André Ayew,3.89,1.11,0.32,32,0.12
Luis Sinisterra,2.7,-0.7,0.35,27,0.1
Robin Koch,3.98,-1.98,0.13,24,0.17
Montassar Talbi,0.7,-0.7,0.03,5,0.14
Joakim Mæhle,1.83,0.17,0.07,20,0.09
Antonio Candreva,4.45,1.55,0.14,65,0.07
Samú Costa,1.43,-0.43,0.06,22,0.06
Fredrik Jensen,1.36,0.64,0.09,14,0.1
Stijn Spierings,0.47,-0.47,0.03,11,0.04
Niklas Schmidt,1.38,-0.38,0.1,20,0.07
Arthur,1.04,0.96,0.05,12,0.09
Sean Longstaff,7.45,-1.45,0.24,41,0.18
Kevin Mbabu,0.18,-0.18,0.01,4,0.05
Nicolás Tagliafico,2.45,0.55,0.1,15,0.16
Davie Selke,4.81,1.19,0.34,33,0.15
João Gomes,2.23,-0.23,0.08,26,0.09
Mykhailo Mudryk,4.83,0.17,0.27,35,0.14
Roberto Gagliardini,4.4,-3.4,0.17,36,0.12
John Anthony Brooks,2.44,-0.44,0.14,11,0.22
Mohamed Camara,1.56,-0.56,0.13,14,0.11
Federico Gatti,5.76,-1.76,0.2,35,0.16
Matthias Ginter,1.17,-1.17,0.05,7,0.17
Jeffrey Gouweleeuw,1.14,-0.14,0.04,23,0.05
Raúl Jiménez,5.37,1.63,0.34,41,0.13
Jesús Areso,0.2,0.8,0.01,9,0.02
Baptiste Santamaría,1.84,-1.84,0.09,28,0.07
Fabiano Parisi,1.19,-1.19,0.07,12,0.1
Antonio Rüdiger,1.82,-0.82,0.06,19,0.1
Becir Omeragic,0.5,-0.5,0.02,9,0.06
Matty Cash,3.76,-1.76,0.16,33,0.11
Nathan Collins,2.14,-1.14,0.07,10,0.21
Neco Williams,0.79,-0.79,0.04,15,0.05
Rubén Peña,1.04,-1.04,0.04,17,0.06
Dara O'Shea,0.85,2.15,0.03,19,0.04
Óscar Mingueza,2.13,-0.13,0.06,28,0.08
Chris Ramos,11.19,-6.19,0.38,76,0.15
Pape Sarr,3.72,-0.72,0.16,36,0.1
Luis Rioja,6.51,-1.51,0.23,57,0.11
Darlin Yongwa,0.7,0.3,0.05,15,0.05
Corentin Tolisso,2.97,-0.97,0.15,39,0.08
Josh Cullen,0.66,1.34,0.03,16,0.04
Terem Moffi,9.98,1.02,0.46,49,0.2
Fermín López,8.24,-0.24,0.51,51,0.16
Marc Roca,1.04,0.96,0.05,20,0.05
Andreas Christensen,1.17,0.83,0.05,12,0.1
Tim Skarke,4.01,3.99,0.15,69,0.06
Marcos Llorente,4.63,1.37,0.16,30,0.15
Dani Vivian,0.88,-0.88,0.03,11,0.08
Elliot Anderson,1.39,-1.39,0.12,19,0.07
Junior Messias,2.02,-1.02,0.17,22,0.09
Lucas Perrin,0.59,-0.59,0.02,12,0.05
Óscar Valentín,2.06,-1.06,0.07,15,0.14
Nikola Milenkovic,0.45,-0.45,0.02,10,0.04
Lovro Majer,5.91,-0.91,0.25,37,0.16
Kieran Tierney,0.14,-0.14,0.01,2,0.07
Saúl Ñíguez,1.24,-0.24,0.08,16,0.08
Tomás Suslov,3.55,-0.55,0.15,52,0.07
Moussa Diaby,6.47,-0.47,0.27,54,0.12
Ihlas Bebou,5.21,1.79,0.29,38,0.14
Mateo Retegui,7.09,-0.09,0.29,63,0.11
Christopher Jullien,1.25,-0.25,0.09,7,0.18
Teden Mengi,0.88,0.12,0.03,11,0.08
Evan Ndicka,1.12,-1.12,0.05,9,0.12
Julián Araujo,0.81,0.19,0.05,7,0.12
Giangiacomo Magnani,0.5,-0.5,0.02,11,0.05
Angelo Fulgini,4.11,-3.11,0.27,46,0.09
Valentin Gendrey,1.51,0.49,0.04,18,0.08
Florian Kainz,4.9,0.1,0.2,28,0.17
Youssouf Ndayishimiye,1.49,-1.49,0.08,14,0.11
Beñat Prados,0.44,-0.44,0.03,7,0.06
Remi Oudin,1.54,1.47,0.08,34,0.05
Juan Cabal,0.42,-0.42,0.03,12,0.04
Abdou Harroui,3.76,-0.76,0.33,33,0.11
Igor Zubeldia,0.66,-0.66,0.02,12,0.05
Jordan Siebatcheu,6.86,-1.86,0.43,35,0.2
Walace,0.79,1.21,0.02,27,0.03
Philipp Hofmann,5.77,-1.77,0.33,39,0.15
Andrea Cambiaso,3.31,-1.31,0.12,29,0.11
Marcos Acuña,0.43,0.57,0.03,9,0.05
Cristhian Mosquera,0.81,-0.81,0.02,9,0.09
Ricardo Rodríguez,0.3,0.7,0.01,11,0.03
Ezri Konsa,2.25,-1.25,0.07,19,0.12
Nicolò Rovella,0.6,-0.6,0.04,5,0.12
Oihan Sancet,6.64,-2.64,0.3,42,0.16
Victor Kristiansen,0.33,-0.33,0.01,6,0.05
Diego Llorente,0.3,0.7,0.01,9,0.03
Rubén García,3.29,-0.29,0.19,28,0.12
Ferland Mendy,0.22,-0.22,0.01,5,0.04
Ondrej Duda,2.23,-1.23,0.08,24,0.09
Davide Calabria,1.03,-0.03,0.04,21,0.05
Mateo Kovacic,1.62,-0.62,0.09,22,0.07
Nicolas Viola,3.97,1.03,0.3,38,0.1
Iker Muñoz,1.59,2.41,0.08,23,0.07
Arne Maier,1.37,0.63,0.12,22,0.06
Dani Rodríguez,1.44,0.56,0.05,27,0.05
Abdoulaye Doucouré,9.3,-2.3,0.32,47,0.2
Willian José,6,4,0.27,48,0.13
Kamory Doumbia,3.36,2.64,0.35,25,0.13
Mattias Svanberg,3.14,-2.14,0.16,42,0.07
Santi Comesaña,2.46,-0.46,0.13,17,0.14
Aihen Muñoz,0.25,-0.25,0.02,7,0.04
Abdoulaye Touré,2.79,-0.79,0.11,33,0.08
Thomas Thiesson Kristensen,1.39,-1.39,0.06,10,0.14
Timothy Castagne,1.17,-0.17,0.04,14,0.08
Mika Mármol,0.15,-0.15,-,3,0.05
Isaak Touré,2.12,-1.12,0.09,18,0.12
Michael Folorunsho,4.78,0.22,0.15,47,0.1
Fabian Nürnberger,0.94,0.06,0.06,19,0.05
Youri Tielemans,1.08,0.92,0.06,14,0.08
André Almeida,0.64,1.36,0.06,10,0.06
Emil Holm,3.24,-2.24,0.31,26,0.12
Diogo Leite,0.98,-0.98,0.03,13,0.08
Nikola Vlasic,2.72,0.28,0.09,46,0.06
Pascal Stenzel,0.32,-0.32,0.03,14,0.02
Vinicius Souza,0.68,0.32,0.02,14,0.05
Eray Cömert,0.59,1.41,0.03,9,0.07
Formose Mendy,0.28,-0.28,0.02,7,0.04
Wilson Odobert,3.38,-0.38,0.14,49,0.07
Geoffrey Kondogbia,0.35,-0.35,0.02,8,0.04
Jack Harrison,4.2,-1.2,0.17,34,0.12
Anthony Elanga,6.87,-1.87,0.25,54,0.13
Dayot Upamecano,1.62,-0.62,0.08,11,0.15
Daichi Kamada,1.83,0.17,0.11,29,0.06
Anthony Losilla,2.11,-1.11,0.07,28,0.08
Nathan Tella,3.19,1.81,0.35,21,0.15
Gianluca Mancini,2.62,1.38,0.08,19,0.14
Diego López,5.07,-2.07,0.17,41,0.12
Yussuf Poulsen,6.95,-1.95,0.52,29,0.24
Matteo Pessina,6.39,-0.39,0.18,27,0.24
Douglas Augusto,1.37,-1.37,0.07,16,0.09
Harvey Barnes,3.34,1.66,0.38,27,0.12
Guela Doué,0.55,-0.55,0.04,15,0.04
Julien Ponceau,3.13,-0.13,0.12,33,0.09
Maximilian Eggestein,2.55,-1.55,0.08,39,0.07
Mikel Vesga,2.7,0.3,0.16,19,0.14
Gabriel Osho,1.1,0.9,0.05,10,0.11
Kristoffer Ajer,1.44,0.56,0.07,12,0.12
Niklas Süle,0.62,0.38,0.04,7,0.09
Alberto Moleiro,2.13,0.87,0.11,33,0.06
Josh Brownhill,2.07,1.93,0.08,28,0.07
Hicham Boudaoui,3.41,-1.41,0.19,29,0.12
Adrien Truffert,1.05,-0.05,0.04,20,0.05
Pablo Rosario,1.19,-1.19,0.05,16,0.07
Jon Guridi,4.65,-1.65,0.16,36,0.13
Luca Netz,1.2,-1.2,0.05,17,0.07
Nicolás Domínguez,1.67,0.33,0.1,22,0.08
Ola Aina,0.28,0.72,0.01,11,0.03
Marvin Mehlem,3.18,-0.18,0.19,23,0.14
Hugo Magnetti,2.04,-0.04,0.08,36,0.06
Stanislav Lobotka,0.75,-0.75,0.02,14,0.05
Lukas Kübler,0.62,0.38,0.03,8,0.08
Mohamed Bayo,7.07,-2.07,0.46,45,0.16
Florent Mollet,6.46,-2.46,0.28,64,0.1
Jon Pacheco,0.91,0.09,0.05,6,0.15
Florian Neuhaus,4.84,-0.84,0.36,39,0.12
Iliman Ndiaye,4.63,-1.63,0.26,35,0.13
Pau Torres,1.48,0.52,0.05,12,0.12
Andrea Pinamonti,10.05,0.95,0.29,83,0.12
Suso,1.32,-0.32,0.08,26,0.05
Pathé Ciss,1.54,-0.54,0.08,22,0.07
Dango Ouattara,2.64,-1.64,0.19,30,0.09
Pontus Almqvist,2.84,-0.84,0.12,40,0.07
Rubén Duarte,0.71,1.29,0.03,15,0.05
Joe Gomez,0.82,-0.82,0.04,19,0.04
Robin Zentner,0.04,-0.04,-,1,0.04
Ander Herrera,0.99,-0.99,0.09,14,0.07
Michail Antonio,5.97,0.03,0.31,30,0.2
Deiver Machado,1.62,2.38,0.13,16,0.1
Hamari Traoré,0.4,-0.4,0.02,18,0.02
Habib Diarra,3.64,-0.64,0.14,39,0.09
Javi López,0.87,0.13,0.03,18,0.05
Patrick Ciurria,1.47,-1.47,0.08,28,0.05
Álvaro García,6.51,-0.51,0.24,45,0.14
Davide Zappacosta,3.16,-1.16,0.15,37,0.09
Chadi Riad,0.65,-0.65,0.03,11,0.06
Luca Pfeiffer,5.99,-4.99,0.33,48,0.12
Jonny Evans,0.06,-0.06,-,1,0.06
Abdul Mumin,0.43,0.57,0.02,6,0.07
Nélson Semedo,1.35,-1.35,0.04,17,0.08
Leo Østigård,0.67,0.33,0.04,7,0.1
Pawel Dawidowicz,0.51,-0.51,0.02,9,0.06
Kristian Thorstvedt,4.3,1.7,0.16,42,0.1
Juanlu Sánchez,1.01,-1.01,0.08,11,0.09
Miguel Almirón,4.59,-1.59,0.21,41,0.11
Iñigo Martínez,0.57,-0.57,0.04,8,0.07
Roland Sallai,7.45,-4.45,0.36,56,0.13
Leonardo Spinazzola,0.3,0.7,0.02,8,0.04
Andoni Gorosabel,0.73,0.27,0.02,15,0.05
Takehiro Tomiyasu,1.9,0.1,0.15,17,0.11
Wataru Endo,0.54,0.46,0.03,10,0.05
Cristian Cásseres,1.46,-0.46,0.07,15,0.1
Elijah Adebayo,6.5,3.5,0.41,31,0.21
Jake O'Brien,3.32,0.68,0.13,18,0.18
Álex Suárez,2.15,-0.15,0.08,7,0.31
José Giménez,0.36,-0.36,0.02,7,0.05
Mikel Oyarzabal,9.42,-0.42,0.39,40,0.24
Maximilian Wittek,1.31,1.69,0.11,26,0.05
Sead Kolasinac,1.33,-0.33,0.05,13,0.1
Riccardo Sottil,2.71,-0.71,0.22,34,0.08
Mario Götze,2.72,0.29,0.12,13,0.21
Duje Caleta-Car,0.54,-0.54,0.02,7,0.08
Íñigo Lekue,0.17,-0.17,0.01,5,0.03
Akor Adams,13.37,-5.37,0.53,79,0.17
Junior Mwanga,1.13,-0.13,0.07,20,0.06
Suat Serdar,1.2,-1.2,0.06,22,0.05
Malick Thiaw,0.75,-0.75,0.04,5,0.15
Yoann Salmier,1.28,-0.28,0.07,10,0.13
Senne Lynen,0.44,-0.44,0.02,12,0.04
Nikola Krstovic,12.17,-5.17,0.46,92,0.13
Felix Nmecha,1.96,-0.96,0.17,23,0.09
Alfonso Espino,0.9,-0.9,0.03,18,0.05
András Schäfer,1.9,-0.9,0.14,21,0.09
Jean-Charles Castelletto,0.48,1.52,0.02,10,0.05
Milan Skriniar,0.16,-0.16,0.01,3,0.05
Florian Thauvin,6.26,-1.26,0.33,48,0.13
Axel Disasi,2.73,-0.73,0.1,16,0.17
Fran García,0.69,0.31,0.04,9,0.08
Sebastian Walukiewicz,0.21,-0.21,0.01,4,0.05
Abakar Sylla,1.96,0.04,0.1,11,0.18
Marin Pongracic,1.5,-1.5,0.04,13,0.12
Vladimír Coufal,0.31,-0.31,0.01,8,0.04
Pablo Marí,0.35,-0.35,0.01,8,0.04
Sebastiano Luperto,1.42,-0.42,0.04,19,0.07
Grischa Prömel,3.64,0.36,0.15,26,0.14
Justin Njinmah,4.85,1.15,0.43,33,0.15
Jakub Kiwior,1.09,-0.09,0.1,6,0.18
Taiwo Awoniyi,5.28,0.72,0.45,22,0.24
Sander Berge,2.22,-1.22,0.07,25,0.09
Antonino Gallo,0.8,-0.8,0.03,15,0.05
Gustavo Hamer,2.77,1.23,0.09,49,0.06
Carlos Benavídez,1.13,1.87,0.09,14,0.08
Danny Welbeck,6.55,-1.55,0.35,41,0.16
Alessandro Vogliacco,0.28,-0.28,0.02,5,0.06
Adrià Pedrosa,0.67,0.33,0.03,16,0.04
Juan Jesus,1.08,-0.08,0.05,8,0.13
Mattia Bani,1.44,0.56,0.06,9,0.16
Moussa Diarra,0.37,0.63,0.02,5,0.07
Ainsley Maitland-Niles,3.28,-2.28,0.21,18,0.18
Rick Karsdorp,0.34,-0.34,0.03,8,0.04
Miguel Rubio,1.17,-0.17,0.07,9,0.13
Castello Lukeba,1,-,0.04,7,0.14
Lyle Foster,5.12,-0.12,0.24,34,0.15
Felix Agu,0.92,-0.92,0.05,11,0.08
Ferran Torres,6.25,0.75,0.47,38,0.16
Thomas Delaine,1.62,-0.62,0.07,12,0.14
Stephan El Shaarawy,2.83,0.17,0.15,40,0.07
Moi Gómez,2.8,0.2,0.13,19,0.15
Stefan Savic,0.53,-0.53,0.03,5,0.11
Benedikt Gimber,1.74,-0.74,0.08,18,0.1
Juan Iglesias,0.47,-0.47,0.03,15,0.03
Moritz Jenz,0.55,-0.55,0.03,7,0.08
Manu Sánchez,0.53,-0.53,0.03,9,0.06
Ilias Akhomach,3.09,-1.09,0.18,30,0.1
Raphaël Varane,0.93,0.07,0.06,8,0.12
Hassane Kamara,2.41,-1.41,0.1,26,0.09
Reece Burke,1.95,-1.95,0.11,13,0.15
Habib Keïta,0.71,0.29,0.05,20,0.04
Silvan Widmer,1.65,-0.65,0.12,14,0.12
Luca Ranieri,1.44,0.56,0.06,10,0.14
Aitor Paredes,1.41,-0.41,0.05,14,0.1
Christopher Wooh,1.67,-0.67,0.11,10,0.17
Keito Nakamura,3.83,0.17,0.25,41,0.09
Anthony Jung,0.64,0.36,0.02,5,0.13
Lorenzo Lucca,8.86,-0.86,0.31,61,0.15
Lucas Torró,1.73,-0.73,0.09,30,0.06
Ângelo,0.53,-0.53,0.04,9,0.06
Danilo D'Ambrosio,0.69,-0.69,0.04,14,0.05
Valentín Castellanos,7.39,-3.39,0.4,54,0.14
Samuele Ricci,1.41,-0.41,0.05,30,0.05
Nahitan Nández,3.32,-1.32,0.13,23,0.14
Sam Beukema,2.38,-1.38,0.08,12,0.2
Mikkel Desler,1.39,-1.39,0.08,16,0.09
Soungoutou Magassa,0.65,-0.65,0.04,8,0.08
Martín Payero,1.63,0.37,0.08,38,0.04
Sandi Lovric,3.77,-2.77,0.17,43,0.09
Alejandro Balde,0.15,-0.15,0.01,5,0.03
Folarin Balogun,11.96,-4.96,0.63,66,0.18
Álex Sola,2.43,-2.43,0.17,28,0.09
Alberto Grassi,1.17,-1.17,0.06,23,0.05
Gastón Álvarez,1.15,0.85,0.04,14,0.08
Yeray Álvarez,0.26,-0.26,0.02,7,0.04
Javi Hernández,1.97,-0.97,0.07,30,0.07
Odsonne Édouard,7.59,-0.59,0.44,51,0.15
Giovanni González,0.44,0.56,0.02,14,0.03
Silas Katompa Mvumpa,6.19,-1.19,0.63,24,0.26
Nicolò Cambiaghi,4.29,-3.29,0.15,71,0.06
Ander Barrenetxea,3.88,0.12,0.24,37,0.1
Ardian Ismajli,0.29,-0.29,0.01,5,0.06
Simon Kjær,0.61,-0.61,0.05,6,0.1
Patrick Osterhage,1.59,0.41,0.08,22,0.07
Dany Mota,5.11,-1.11,0.22,38,0.13
Konstantinos Mavropanos,1.06,-0.06,0.06,12,0.09
Dominik Kohr,1.76,-0.76,0.07,25,0.07
Marc Guéhi,0.48,-0.48,0.02,5,0.1
Boubakary Soumaré,0.02,-0.02,-,1,0.02
Justin Kluivert,7.5,-0.5,0.35,56,0.13
Matthis Abline,3.72,1.28,0.32,42,0.09
Issa Kaboré,0.34,-0.34,0.02,6,0.06
Antonio Blanco,0.8,-0.8,0.03,20,0.04
Patric,1.46,0.54,0.08,6,0.24
Danilo,1.89,0.11,0.09,23,0.08
Lennard Maloney,1.41,-0.41,0.06,14,0.1
Toti Gomes,2,-1,0.06,10,0.2
Josip Juranovic,1.42,-1.42,0.1,12,0.12
Robert Skov,1.89,1.11,0.13,32,0.06
Copete,0.57,0.43,0.04,7,0.08
Lewis Hall,0.51,0.49,0.06,11,0.05
Dan Ndoye,5.62,-4.62,0.28,41,0.14
Jim Allevinah,3.06,-1.06,0.15,37,0.08
Ruslan Malinovskyi,1.18,2.82,0.07,39,0.03
Giacomo Raspadori,5.7,-0.7,0.33,61,0.09
Roberto Pereyra,4.11,-0.11,0.2,27,0.15
Nacho,0.56,-0.56,0.03,5,0.11
César Azpilicueta,0.41,-0.41,0.03,2,0.2
Josha Vagnoman,1.73,0.27,0.13,17,0.1
Yusuf Yazici,5.94,-0.94,0.41,40,0.15
Sergi Canós,3.27,-2.27,0.24,43,0.08
Javi Guerra,3.02,0.98,0.11,42,0.07
Matías Vecino,4.21,1.79,0.33,33,0.13
Jan Thielmann,3.04,-2.04,0.17,37,0.08
Alex Berenguer,5.99,1.01,0.34,32,0.19
Tommaso Augello,0.5,0.5,0.02,10,0.05
Enzo Barrenechea,0.61,-0.61,0.02,20,0.03
César Azpilicueta,0.41,-0.41,0.03,2,0.2
Josha Vagnoman,1.73,0.27,0.13,17,0.1
Yusuf Yazici,5.94,-0.94,0.41,40,0.15
Sergi Canós,3.27,-2.27,0.24,43,0.08
Javi Guerra,3.02,0.98,0.11,42,0.07
Matías Vecino,4.21,1.79,0.33,33,0.13
Jan Thielmann,3.04,-2.04,0.17,37,0.08
Alex Berenguer,5.99,1.01,0.34,32,0.19
Tommaso Augello,0.5,0.5,0.02,10,0.05
Enzo Barrenechea,0.61,-0.61,0.02,20,0.03
Matthias Bader,0.81,0.19,0.04,17,0.05
Giulio Maggiore,2.52,1.48,0.13,23,0.11
Jesús Navas,0.13,-0.13,0.01,7,0.02
Jamie Leweling,6.12,-2.12,0.36,44,0.14
Lucas Beltrán,3.71,2.29,0.2,31,0.12
Maxime Colin,0.25,-0.25,0.01,6,0.04
Eddie Nketiah,4.96,0.04,0.42,38,0.13
Ansgar Knauff,6.08,0.92,0.26,37,0.16
Pablo Maffeo,1.34,-0.34,0.08,11,0.12
Emmanuel Sabbi,4.67,0.33,0.26,31,0.15
Kevin Paredes,3.85,-0.85,0.24,19,0.2
Martin Valjent,0.33,-0.33,0.01,9,0.04
Josué Casimir,2.02,-2.02,0.09,22,0.09
Illia Zabarnyi,1.81,-0.81,0.05,8,0.23
Dodi Lukébakio,5.92,-0.92,0.47,42,0.14
Rafael Borré,2.62,1.38,0.24,20,0.13
Sergio Ruiz,1.01,-1.01,0.04,13,0.08
Rafa Marín,1.21,-1.21,0.04,13,0.09
Cheick Oumar Konaté,0.59,0.41,0.05,14,0.04
Rubén Vargas,4.22,-0.22,0.19,49,0.09
Will Hughes,0.34,-0.34,0.02,8,0.04
Federico Fazio,0.86,0.14,0.06,8,0.11
Armando Izzo,0.65,-0.65,0.04,5,0.13
Harry Wilson,2.75,1.25,0.15,40,0.07
Jonathan Ikoné,5.8,-2.8,0.31,39,0.15
Rodrigo Riquelme,2.97,0.03,0.17,36,0.08
Marvin Pieringer,2.81,0.19,0.17,27,0.1
Tom Cairney,1.24,-0.24,0.08,17,0.07
Kacper Urbanski,1.55,-1.55,0.15,17,0.09
Milos Veljkovic,1.23,0.77,0.06,6,0.21
Enzo Loiodice,0.6,-0.6,0.03,16,0.04
Adrien Tameze,0.45,-0.45,0.02,9,0.05
Abdel Abqar,0.48,-0.48,0.02,10,0.05
Nathaniel Clyne,0.15,-0.15,0.01,4,0.04
Sergio Akieme,1.32,0.68,0.07,9,0.15
Ludovic Blas,4.8,-0.8,0.28,44,0.11
Kurt Zouma,1.99,1.01,0.06,16,0.12
Manuel Lazzari,0.9,-0.9,0.05,8,0.11
Ylber Ramadani,1.2,-0.2,0.04,31,0.04
Igor Julio,0.24,-0.24,0.01,5,0.05
Léo Baptistão,6.58,-0.58,0.32,48,0.14
Issa Diop,0.25,-0.25,0.02,5,0.05
Adam Smith,0.04,-0.04,-,2,0.02
Edgar González,1.98,0.02,0.07,13,0.15
Tiémoué Bakayoko,1.66,0.34,0.11,12,0.14
Emerson Royal,0.26,0.74,0.02,6,0.04
Fali,0.96,-0.96,0.03,11,0.09
Mads Pedersen,0.63,0.37,0.03,13,0.05
Jordan Lotomba,1.2,-0.2,0.06,11,0.11
Unai López,0.93,0.07,0.04,32,0.03
Emanuel Emegha,10.93,-2.93,0.47,48,0.23
Kristjan Asllani,0.75,0.25,0.09,15,0.05
Caleb Okoli,0.72,-0.72,0.02,13,0.06
Edoardo Bove,1.97,-1.97,0.1,19,0.1
Marcus Coco,1,-,0.06,9,0.11
Dion Lopy,1.55,-1.54,0.07,23,0.07
Joël Veltman,0.66,0.34,0.04,5,0.13
Merlin Röhl,2.98,-0.98,0.18,24,0.12
Portu,4.19,2.81,0.32,21,0.2
Zeki Amdouni,6.27,-1.27,0.29,49,0.13
Daler Kuzyaev,1.5,0.5,0.06,16,0.09
Harry Toffolo,1.48,-0.48,0.09,8,0.18
Christian Kouamé,2.02,-0.02,0.17,24,0.08
Edimilson Fernandes,0.66,-0.66,0.05,15,0.04
Gabriel Strefezza,2.43,-1.43,0.2,28,0.09
Pedro Chirivella,1.51,-0.51,0.05,17,0.09
Raúl Albiol,0.3,-0.3,0.01,6,0.05
Alfonso Pedraza,0.61,0.39,0.05,9,0.07
Gaëtan Laborde,7.42,-2.42,0.35,64,0.12
Eric Choupo-Moting,5.27,-3.27,0.67,26,0.2
